{
  "model_type": "ensemble",
  "ensemble_models": [
    "xgboost",
    "lightgbm",
    "random_forest"
  ],
  "best_single_model": "xgboost",
  "model_version": "ensemble_v3_20260323",
  "trained_at": "2026-03-23T18:19:31.303880+00:00",
  "period_days": 10,
  "profit_threshold": 3.0,
  "train_rows": 362406,
  "num_symbols": 421,
  "num_features": 43,
  "best_metrics": {
    "model_name": "xgboost",
    "accuracy": 0.3776516816882831,
    "precision": 0.33319191490651234,
    "recall": 0.9446282056789381,
    "f1": 0.49262408011021874,
    "auc_roc": 0.6056389372967559,
    "precision_at_10": 0.9,
    "precision_at_20": 0.7,
    "backtest": {
      "avg_return_pct": 5.749,
      "positive_rate_pct": 95.0,
      "max_return_pct": 10.16,
      "min_return_pct": -1.303,
      "sharpe_ratio": 1.586,
      "top_n": 20
    },
    "train_time_sec": 10.5,
    "walk_forward": {
      "wf_avg_auc": 0.5958890626332957,
      "wf_avg_precision": 0.5397615372094032,
      "wf_avg_roi": 12.338999999999999,
      "wf_avg_sharpe": 3.456666666666667,
      "wf_folds": 3
    }
  },
  "all_results": [
    {
      "model_name": "xgboost",
      "accuracy": 0.3776516816882831,
      "precision": 0.33319191490651234,
      "recall": 0.9446282056789381,
      "f1": 0.49262408011021874,
      "auc_roc": 0.6056389372967559,
      "precision_at_10": 0.9,
      "precision_at_20": 0.7,
      "backtest": {
        "avg_return_pct": 5.749,
        "positive_rate_pct": 95.0,
        "max_return_pct": 10.16,
        "min_return_pct": -1.303,
        "sharpe_ratio": 1.586,
        "top_n": 20
      },
      "train_time_sec": 10.5,
      "walk_forward": {
        "wf_avg_auc": 0.5958890626332957,
        "wf_avg_precision": 0.5397615372094032,
        "wf_avg_roi": 12.338999999999999,
        "wf_avg_sharpe": 3.456666666666667,
        "wf_folds": 3
      }
    },
    {
      "model_name": "lightgbm",
      "accuracy": 0.36546493734886787,
      "precision": 0.330481505054841,
      "recall": 0.9591047725417758,
      "f1": 0.4915784143199982,
      "auc_roc": 0.6100123808721073,
      "precision_at_10": 0.9,
      "precision_at_20": 0.85,
      "backtest": {
        "avg_return_pct": 6.234,
        "positive_rate_pct": 100.0,
        "max_return_pct": 10.16,
        "min_return_pct": 1.548,
        "sharpe_ratio": 2.156,
        "top_n": 20
      },
      "train_time_sec": 14.0,
      "walk_forward": {
        "wf_avg_auc": 0.5973515483658337,
        "wf_avg_precision": 0.5360042400093087,
        "wf_avg_roi": 8.825999999999999,
        "wf_avg_sharpe": 2.798666666666667,
        "wf_folds": 3
      }
    },
    {
      "model_name": "random_forest",
      "accuracy": 0.35263244669158056,
      "precision": 0.32775040101735575,
      "recall": 0.9742686541518106,
      "f1": 0.49049503665736716,
      "auc_roc": 0.598508978740903,
      "precision_at_10": 0.8,
      "precision_at_20": 0.8,
      "backtest": {
        "avg_return_pct": 5.588,
        "positive_rate_pct": 95.0,
        "max_return_pct": 10.16,
        "min_return_pct": -0.007,
        "sharpe_ratio": 1.945,
        "top_n": 20
      },
      "train_time_sec": 84.2,
      "walk_forward": {
        "wf_avg_auc": 0.596582908111265,
        "wf_avg_precision": 0.5362377235584489,
        "wf_avg_roi": 7.794,
        "wf_avg_sharpe": 1.8503333333333334,
        "wf_folds": 3
      }
    }
  ]
}