{
  "model_type": "ensemble",
  "ensemble_models": [
    "xgboost",
    "lightgbm",
    "random_forest"
  ],
  "best_single_model": "lightgbm",
  "model_version": "ensemble_v3_20260323",
  "trained_at": "2026-03-23T20:21:16.631971+00:00",
  "period_days": 10,
  "profit_threshold": 3.0,
  "train_rows": 362406,
  "num_symbols": 421,
  "num_features": 49,
  "best_metrics": {
    "model_name": "lightgbm",
    "accuracy": 0.3675670477027918,
    "precision": 0.33113143128581185,
    "recall": 0.9582456291077796,
    "f1": 0.4921837939213415,
    "auc_roc": 0.6063404473044687,
    "precision_at_10": 0.8,
    "precision_at_20": 0.7,
    "backtest": {
      "avg_return_pct": 4.263,
      "positive_rate_pct": 80.0,
      "max_return_pct": 10.16,
      "min_return_pct": -5.208,
      "sharpe_ratio": 1.013,
      "top_n": 20
    },
    "train_time_sec": 18.8,
    "walk_forward": {
      "wf_avg_auc": 0.6010403707193068,
      "wf_avg_precision": 0.5384047127116792,
      "wf_avg_roi": 9.057,
      "wf_avg_sharpe": 2.845,
      "wf_folds": 3
    }
  },
  "all_results": [
    {
      "model_name": "lightgbm",
      "accuracy": 0.3675670477027918,
      "precision": 0.33113143128581185,
      "recall": 0.9582456291077796,
      "f1": 0.4921837939213415,
      "auc_roc": 0.6063404473044687,
      "precision_at_10": 0.8,
      "precision_at_20": 0.7,
      "backtest": {
        "avg_return_pct": 4.263,
        "positive_rate_pct": 80.0,
        "max_return_pct": 10.16,
        "min_return_pct": -5.208,
        "sharpe_ratio": 1.013,
        "top_n": 20
      },
      "train_time_sec": 18.8,
      "walk_forward": {
        "wf_avg_auc": 0.6010403707193068,
        "wf_avg_precision": 0.5384047127116792,
        "wf_avg_roi": 9.057,
        "wf_avg_sharpe": 2.845,
        "wf_folds": 3
      }
    },
    {
      "model_name": "xgboost",
      "accuracy": 0.3809628489777973,
      "precision": 0.3340496547940195,
      "recall": 0.9415352893165514,
      "f1": 0.49313774017909373,
      "auc_roc": 0.6079532437500081,
      "precision_at_10": 1.0,
      "precision_at_20": 0.7,
      "backtest": {
        "avg_return_pct": 6.217,
        "positive_rate_pct": 85.0,
        "max_return_pct": 26.642,
        "min_return_pct": -1.303,
        "sharpe_ratio": 1.041,
        "top_n": 20
      },
      "train_time_sec": 11.6,
      "walk_forward": {
        "wf_avg_auc": 0.5993708410158184,
        "wf_avg_precision": 0.5426652129999279,
        "wf_avg_roi": 8.479666666666667,
        "wf_avg_sharpe": 1.9346666666666668,
        "wf_folds": 3
      }
    },
    {
      "model_name": "random_forest",
      "accuracy": 0.355091778412838,
      "precision": 0.3284164418530444,
      "recall": 0.9726792387989175,
      "f1": 0.49103822174030903,
      "auc_roc": 0.6003547799880182,
      "precision_at_10": 0.6,
      "precision_at_20": 0.65,
      "backtest": {
        "avg_return_pct": 6.481,
        "positive_rate_pct": 80.0,
        "max_return_pct": 17.788,
        "min_return_pct": -0.896,
        "sharpe_ratio": 1.089,
        "top_n": 20
      },
      "train_time_sec": 101.2,
      "walk_forward": {
        "wf_avg_auc": 0.5985212365938105,
        "wf_avg_precision": 0.536381130646148,
        "wf_avg_roi": 6.347666666666666,
        "wf_avg_sharpe": 1.4536666666666667,
        "wf_folds": 3
      }
    }
  ]
}