{
  "model_type": "lightgbm",
  "model_version": "lightgbm_v1_20260323",
  "trained_at": "2026-03-23T15:57:40.126633+00:00",
  "period_days": 10,
  "profit_threshold": 3.0,
  "train_rows": 362406,
  "num_symbols": 421,
  "num_features": 45,
  "best_metrics": {
    "model_name": "lightgbm",
    "accuracy": 0.36846010112112554,
    "precision": 0.3320551352471759,
    "recall": 0.9634434468834572,
    "f1": 0.49388914580167803,
    "auc_roc": 0.6101073135749752,
    "precision_at_10": 0.5,
    "precision_at_20": 0.7,
    "backtest": {
      "avg_return_pct": 5.026,
      "positive_rate_pct": 100.0,
      "max_return_pct": 10.033,
      "min_return_pct": 0.673,
      "sharpe_ratio": 1.754,
      "top_n": 20
    },
    "train_time_sec": 3.1
  },
  "all_results": [
    {
      "model_name": "lightgbm",
      "accuracy": 0.36846010112112554,
      "precision": 0.3320551352471759,
      "recall": 0.9634434468834572,
      "f1": 0.49388914580167803,
      "auc_roc": 0.6101073135749752,
      "precision_at_10": 0.5,
      "precision_at_20": 0.7,
      "backtest": {
        "avg_return_pct": 5.026,
        "positive_rate_pct": 100.0,
        "max_return_pct": 10.033,
        "min_return_pct": 0.673,
        "sharpe_ratio": 1.754,
        "top_n": 20
      },
      "train_time_sec": 3.1
    },
    {
      "model_name": "random_forest",
      "accuracy": 0.3524950538579908,
      "precision": 0.327887071864671,
      "recall": 0.9758580695047038,
      "f1": 0.4908493766340399,
      "auc_roc": 0.6049674543563998,
      "precision_at_10": 1.0,
      "precision_at_20": 0.95,
      "backtest": {
        "avg_return_pct": 6.702,
        "positive_rate_pct": 100.0,
        "max_return_pct": 10.16,
        "min_return_pct": 2.036,
        "sharpe_ratio": 2.827,
        "top_n": 20
      },
      "train_time_sec": 38.3
    },
    {
      "model_name": "xgboost",
      "accuracy": 0.3793965706748736,
      "precision": 0.3340107065406955,
      "recall": 0.9461317066884316,
      "f1": 0.49372338040798025,
      "auc_roc": 0.6042982860964903,
      "precision_at_10": 0.9,
      "precision_at_20": 0.75,
      "backtest": {
        "avg_return_pct": 6.432,
        "positive_rate_pct": 100.0,
        "max_return_pct": 10.16,
        "min_return_pct": 0.673,
        "sharpe_ratio": 1.869,
        "top_n": 20
      },
      "train_time_sec": 2.6
    }
  ]
}